AFCI,gj,qj,,,,,,,,
AGA,qu,qsd,qd,qj,af,fb,,,,
ALNO,qj,,,,,,,,,
ALPY,qd,,,,,,,,,
ALTO,qj,,,,,,,,,
AMF,af,fb,,,,,,,,
AMFI,qu,qd,qt,mm,mx,mn,,,,
ANCI,qj,gj,,,,,,,,
AND,af,wz,mn,mx,mm,qv,,,,
ANDI,qu,qv,qd,,,,,,,
ANTI,qd,,,,,,,,,
ANTO,qd,qj,,,,,,,,
ARK,mm,mx,id,fb,mn,af,,,,
ARNO,qj,mm,mx,mn,,,,,,
ASCI,qj,gj,,,,,,,,
AUCI,qj,gj,,,,,,,,
BASO,qu,qd,,,,,,,,
BCAO,qd,,,,,,,,,
BCMO,qd,,,,,,,,,
BCSO,qd,gd,,,,,,,,
BCTO,qd,,,,,,,,,
BDDI,qd,fb,af,qv,,,,,,
BENO,qu,qd,,,,,,,,
BEU,fb,af,,,,,,,,
BEUO,qu,qd,mm,mx,mn,,,,,
BFCI,gj,qj,,,,,,,,
BFKY,qd,,,,,,,,,
BFTI,qd,,,,,,,,,
BIGI,qd,gain,,,,,,,,
BILI,qd,,,,,,,,,
BIRO,qd,,,,,,,,,
BJBO,qd,,,,,,,,,
BKPI,qj,,,,,,,,,
BMCI,qj,gj,,,,,,,,
BOOI,qj,gj,,,,,,,,
BPPI,qj,,,,,,,,,
BRFI,qd,mm,mx,mn,,,,,,
BSEI,qj,,,,,,,,,
BTSI,qd,,,,,,,,,
BUL,qu,fb,mm,mx,mn,af,qj,qd,,
BUM,qu,af,mx,mn,mm,qd,fb,,,
BURI,qj,gj,,,,,,,,
CACO,gj,qj,,,,,,,,
CBCI,gj,qj,,,,,,,,
CCL,af,fb,,,,,,,,
CCPI,qj,,,,,,,,,
CCR,af,fb,mm,mx,mn,,,,,
CECI,gj,qj,,,,,,,,
CENO,qj,,,,,,,,,
CFCI,qj,gj,,,,,,,,
CFMM,gain,qu,qx,qd,,,,,,
CHEI,qd,,,,,,,,,
CIBW,wy,wm,wn,,,,,,,
CLE,af,fb,qd,qu,mm,mn,mx,,,
CLS,af,fb,,,,,,,,
CMO,fb,af,mm,mx,mn,qu,,,,
CRA,fb,af,,,,,,,,
CRAO,qu,qd,,,,,,,,
CRCI,qj,gj,,,,,,,,
CRCO,qj,,,,,,,,,
CRE,fb,af,,,,,,,,
CREO,qu,qd,,,,,,,,
CRPO,qd,mm,mx,mn,,,,,,
CRSO,qd,mm,mx,mn,,,,,,
CSAO,qj,,,,,,,,,
CSC,gain,qv,id,mm,mx,mn,fb,af,,
CSCI,qu,qd,,,,,,,,
CSRO,qp,qj,,,,,,,,
CVPI,qj,,,,,,,,,
CXCI,gj,qj,,,,,,,,
CXMI,qj,gj,,,,,,,,
DCMO,qj,,,,,,,,,
DEBO,qd,,,,,,,,,
DED,fb,mm,mx,mn,af,,,,,
DEDI,qu,fb,qd,,,,,,,
DICO,qj,,,,,,,,,
DLEO,qj,,,,,,,,,
DNCI,qj,gj,,,,,,,,
DRYI,qd,,,,,,,,,
EASW,qd,,,,,,,,,
EBCO,qd,mm,mx,mn,,,,,,
EGCI,qj,gj,,,,,,,,
EGSO,qd,,,,,,,,,
ELCI,qj,gj,,,,,,,,
EMI,qt,qu,fb,mm,mx,mn,af,qj,qd,
EMM,id,qu,fb,af,qv,qd,,,,
ENTI,qj,gj,,,,,,,,
EPTO,qd,,,,,,,,,
ERCI,qj,gj,,,,,,,,
ETSI,qj,,,,,,,,,
FALI,qj,qd,,,,,,,,
FARI,qj,qd,,,,,,,,
FCEO,qj,,,,,,,,,
FCFM,qd,,,,,,,,,
FCSO,qj,,,,,,,,,
FFCI,qj,gj,,,,,,,,
FHPI,qj,,,,,,,,,
FIS,qu,fb,mm,mx,mn,af,,,,
FLGY,qd,,,,,,,,,
FOR,qu,fb,mm,mx,mn,qj,af,,,
FRCI,gj,qj,,,,,,,,
FRMO,qd,,,,,,,,,
FSHO,qd,,,,,,,,,
FURO,qj,,,,,,,,,
GCGW,wy,wm,wn,,,,,,,
GILO,qd,mm,mx,mn,,,,,,
GLI,fb,,,,,,,,,
GREY,qd,,,,,,,,,
GRS,qu,qd,fb,af,,,,,,
GSPO,qd,mm,mx,mn,,,,,,
GSTO,qd,mm,mx,mn,,,,,,
GWCI,gj,qj,,,,,,,,
HARI,gj,qj,,,,,,,,
HAY,id,fb,mm,mx,mn,qd,af,,,
HEII,qu,gain,qd,,,,,,,
HEN,fb,af,,,,,,,,
HENI,qu,qd,,,,,,,,
HFAI,qd,,,,,,,,,
HGH,qu,qv,fb,af,,,,,,
HGHM,qu,qx,wy,wm,wn,qd,,,,
HPCO,af,qj,fb,mm,mx,mn,qd,,,
HPD,qt,qu,fb,mm,mx,mn,qj,af,qd,
HRSI,qu,qd,,,,,,,,
HYA,qu,fb,mm,mx,mn,af,qd,,,
IDCI,qj,gj,,,,,,,,
INCI,qj,gj,,,,,,,,
ISCI,qj,gj,,,,,,,,
ISL,id,fb,qd,mm,mx,mn,af,,,
ISLI,qu,qd,,,,,,,,
JCK,qu,fb,mm,mx,mn,af,qd,,,
JKSY,gain,qd,,,,,,,,
JRPI,qj,,,,,,,,,
KAC,qu,af,qd,fb,mm,mn,mx,,,
KEE,qu,af,fb,qd,mm,mn,mx,,,
KIOW,qd,,,,,,,,,
KTCW,qj,,,,,,,,,
LABI,qj,gj,,,,,,,,
LACI,qj,gj,,,,,,,,
LAPO,qd,,,,,,,,,
LBCO,qd,mm,mx,mn,,,,,,
LBEO,qd,,,,,,,,,
LEFO,qd,,,,,,,,,
LNRW,qd,,,,,,,,,
LORI,qd,,,,,,,,,
LOW,af,fb,,,,,,,,
LPPI,qj,,,,,,,,,
LUC,gain,id,qu,fb,qd,qt,qsd,af,,
LWOI,qd,,,,,,,,,
MABO,qd,,,,,,,,,
MADO,qd,,,,,,,,,
MALO,qd,,,,,,,,,
MAN,af,fb,qj,qd,,,,,,
MAXO,qj,,,,,,,,,
MCK,fb,af,,,,,,,,
MCKO,wz,wi,wk,qu,qd,,,,,
MFDO,qu,qd,,,,,,,,
MIII,gj,qj,,,,,,,,
MIL,fb,id,af,qt,,,,,,
MILI,qd,qt,,,,,,,,
MIN,qt,id,mm,mx,mn,fb,af,,,
MINI,gd,wz,qd,,,,,,,
MLCI,qj,,,,,,,,,
MLCO,qd,,,,,,,,,
MORI,qd,,,,,,,,,
MPCI,qj,,,,,,,,,
MRYI,gj,qj,,,,,,,,
MXCI,gj,qj,,,,,,,,
MYKO,wz,wi,wk,qd,,,,,,
NACW,qu,qd,,,,,,,,
NCAO,qj,,,,,,,,,
NFLO,qd,,,,,,,,,
NLCI,gj,qj,,,,,,,,
NMCO,qj,,,,,,,,,
NPAO,qd,,,,,,,,,
NPDO,qd,,,,,,,,,
OCH,qt,fb,af,,,,,,,
OCHO,qu,mm,mx,mn,qj,qd,,,,
OCRO,qd,,,,,,,,,
OSCI,gj,qj,,,,,,,,
OWY,qu,qt,fb,mm,mx,mn,qd,af,,
PAL,gain,id,fb,af,,,,,,
PALI,qu,mm,mx,mn,qd,,,,,
PARI,qd,,,,,,,,,
PARW,qu,qd,,,,,,,,
PAY,af,fb,,,,,,,,
PAYI,qu,qd,,,,,,,,
PCKY,qd,,,,,,,,,
PDTO,wz,wi,wk,gd,qd,,,,,
PECI,gj,qj,,,,,,,,
PHL,qu,fb,mm,mx,mn,qd,af,,,
PLCI,qj,gj,,,,,,,,
PLEI,qd,,,,,,,,,
POCI,qj,gj,,,,,,,,
PRHO,qd,,,,,,,,,
PRKI,qj,gj,,,,,,,,
PRLI,qd,mm,mx,mn,,,,,,
PRPI,qd,,,,,,,,,
PRV,fb,af,,,,,,,,
PRVO,qu,wz,wi,wk,qd,,,,,
PWDO,qu,qd,,,,,,,,
RBDW,qd,,,,,,,,,
RDWI,gj,qj,,,,,,,,
RECI,gj,qj,,,,,,,,
REXI,qd,,,,,,,,,
RGCI,qj,gj,,,,,,,,
RICI,gj,qj,,,,,,,,
RIM,qu,af,fb,aqd,mm,mn,mx,,,
RIR,qu,fb,af,qd,,,,,,
RJPI,qj,,,,,,,,,
ROMO,qd,,,,,,,,,
ROZW,qj,,,,,,,,,
RRPI,qj,,,,,,,,,
RSA,qj,fb,mm,mx,mn,qd,af,,,
RSCW,qj,,,,,,,,,
RSDI,qj,gj,,,,,,,,
RXRI,gj,qj,,,,,,,,
SALY,qd,mm,mx,mn,,,,,,
SBCO,qd,,,,,,,,,
SBEO,qj,,,,,,,,,
SCLO,qd,,,,,,,,,
SCO,fb,af,,,,,,,,
SCOO,qu,mm,mx,mn,qd,,,,,
SDCO,gd,qd,,,,,,,,
SFLO,qd,,,,,,,,,
SHYI,gain,qd,,,,,,,,
SLBO,qj,,,,,,,,,
SNAI,qd,,,,,,,,,
SNCW,qj,,,,,,,,,
SNDI,gj,qj,,,,,,,,
SOL,qu,fb,mm,mx,mn,qd,af,,,
SPBO,gd,qd,wm,wn,wy,,,,,
SPPI,qj,,,,,,,,,
SQSO,qd,,,,,,,,,
SUCI,gj,qj,,,,,,,,
SWCO,qj,,,,,,,,,
TCNI,gj,qj,,,,,,,,
TCSI,gj,qj,,,,,,,,
TEAI,qd,,,,,,,,,
TEAW,qd,,,,,,,,,
TFCO,qj,,,,,,,,,
TGCI,gj,qj,,,,,,,,
THF,id,fb,qd,af,,,,,,
TICI,gj,qj,,,,,,,,
TICW,qd,,,,,,,,,
TIEW,qj,,,,,,,,,
TITI,gj,qj,,,,,,,,
TLCI,gj,qj,,,,,,,,
TNAW,qd,,,,,,,,,
TNCM,qd,,,,,,,,,
TRCI,gj,qj,,,,,,,,
TRGO,qd,mm,mx,mn,,,,,,
TUMO,qd,,,,,,,,,
UMAO,wz,wi,wk,qu,qd,,,,,
UMDO,wz,qd,,,,,,,,
UMMO,wz,wi,wk,qd,,,,,,
UMTW,qd,,,,,,,,,
UMUO,wz,wi,wk,qd,,,,,,
UNY,wz,wi,wk,qu,mm,mx,mn,fb,af,qd
VALO,qu,qd,,,,,,,,
VLCI,gj,qj,,,,,,,,
VSPI,qj,,,,,,,,,
WACI,gj,qj,,,,,,,,
WAFI,qj,,,,,,,,,
WAH,fb,af,qj,,,,,,,
WAR,fb,af,,,,,,,,
WARO,qd,qu,mm,mx,mn,,,,,
WAS,qu,fb,af,qd,,,,,,
WBCO,mm,mx,mn,qd,,,,,,
WBFI,qj,,,,,,,,,
WCRO,qd,,,,,,,,,
WEIO,qj,,,,,,,,,
WEPO,qj,,,,,,,,,
WESO,qj,,,,,,,,,
WEUO,qj,,,,,,,,,
WFCI,qj,gj,,,,,,,,
WGCM,qd,,,,,,,,,
WIC,fb,af,,,,,,,,
WICO,qu,qd,,,,,,,,
WIFI,qd,,,,,,,,,
WILI,qd,,,,,,,,,
WLD,fb,mm,mx,mn,af,,,,,
WLDN,qu,qd,,,,,,,,
WOD,fb,af,qt,,,,,,,
WODI,qu,mm,mx,mn,qd,,,,,
WOPW,qj,,,,,,,,,
WTXI,qd,,,,,,,,,
WVCI,gj,qj,,,,,,,,
YOKO,wz,wi,wk,qu,qd,,,,,
YRPW,qd,,,,,,,,,
YRWW,qu,qd,,,,,,,,